report_date,report_time,report_title,report_link,reporter,reporter_company,report_pdf
514,1300-1330,Quark Script - Android 黑箱漏洞偵測工具,https://cybersec.ithome.com.tw/2024/session-page/2833,陳坤裕,財團法人電信技術中心,https://ccms.ithome.com.tw/api/slideapi/1466/click?l=https%3A%2F%2Fs.itho.me%2Fccms_slides%2F2024%2F5%2F23%2F480b168f-0211-47cb-b5db-4c39cd67ed22.pdf
514,1330-1400,開放式關鍵基礎設施：電信網路的攻擊媒介,https://cybersec.ithome.com.tw/2024/session-page/2849,Salim S I,CTOne,https://ccms.ithome.com.tw/api/slideapi/1365/click?l=https%3A%2F%2Fs.itho.me%2Fccms_slides%2F2024%2F5%2F22%2F4ef22a15-ae82-46d2-af0e-7c567a63f02a.pdf
514,1400-1430,AI時代的資安展望：挑戰與創新,https://cybersec.ithome.com.tw/2024/session-page/2579,吳子強 (Vic Wu),台灣微軟,https://ccms.ithome.com.tw/api/slideapi/1362/click?l=https%3A%2F%2Fs.itho.me%2Fccms_slides%2F2024%2F5%2F22%2F10ab2d5b-d07b-4539-b53d-891e3b4546fc.pdf
514,1400-1430,Defence Together： 企業機關零信任架構成熟度評估方法論與實務導入策略,https://cybersec.ithome.com.tw/2024/session-page/2588,陳勇君,智慧資安科技,https://ccms.ithome.com.tw/api/slideapi/1342/click?l=https%3A%2F%2Fs.itho.me%2Fccms_slides%2F2024%2F5%2F22%2F1d230e9d-839e-464c-a82c-405737278354.pdf
514,1400-1430,Empowering the Future of SOC： Multi layered AI-Powered Cybersecurity： How to address the mounting talent shortage in cybersecurity.,https://cybersec.ithome.com.tw/2024/session-page/2682,Wayne Phillips,SentinelOne,https://ccms.ithome.com.tw/api/slideapi/1356/click?l=https%3A%2F%2Fs.itho.me%2Fccms_slides%2F2024%2F5%2F22%2Fc269b918-27d9-4b0c-afe7-2b531eefbdc2.pdf
514,1400-1430,HCL 軟體關鍵資訊、產品組合路線圖和戰略,https://cybersec.ithome.com.tw/2024/session-page/2592,Lily Wang,HCL Software,https://ccms.ithome.com.tw/api/slideapi/1456/click?l=https%3A%2F%2Fs.itho.me%2Fccms_slides%2F2024%2F5%2F23%2Fecdb3228-eeeb-46f9-8b9c-9a8ac1b20e60.pdf
514,1400-1430,IEC 62443 與物聯網整合-機器身分管理的關鍵角色,https://cybersec.ithome.com.tw/2024/session-page/2832,邱志成,全景軟體股份有限公司,https://ccms.ithome.com.tw/api/slideapi/1467/click?l=https%3A%2F%2Fs.itho.me%2Fccms_slides%2F2024%2F5%2F23%2F0160e1df-8311-4044-9800-9cba47a80aab.pdf
514,1400-1430,以 AI ML 為核心的資料治理三部曲 – 資料發現、管理與外洩防護,https://cybersec.ithome.com.tw/2024/session-page/2766,洪肇隆 (Leon Hung),Forcepoint,https://ccms.ithome.com.tw/api/slideapi/1354/click?l=https%3A%2F%2Fs.itho.me%2Fccms_slides%2F2024%2F5%2F22%2F0a160010-208a-4a21-bd0b-87ac07fa093e.pdf
514,1400-1430,從新版個資法解析資料庫稽核 ( DAM ) 與數據安全的重要性,https://cybersec.ithome.com.tw/2024/session-page/2580,Santa Ye,智安數據科技,https://ccms.ithome.com.tw/api/slideapi/1349/click?l=https%3A%2F%2Fs.itho.me%2Fccms_slides%2F2024%2F5%2F22%2F5fdf2469-4be2-463a-b330-fbb779c7c385.pdf
514,1400-1430,深入剖析使用者行為，利用 AI 偵測內部威脅,https://cybersec.ithome.com.tw/2024/session-page/2597,許祐福,FineArt Technology 精品科技,https://ccms.ithome.com.tw/api/slideapi/1346/click?l=https%3A%2F%2Fs.itho.me%2Fccms_slides%2F2024%2F5%2F22%2F4f55dcf8-247a-4230-b3c9-861ddafc99d3.pdf
514,1400-1430,當我在雲端簽下名字後，沒想到開啟了無紙化世界的大門！,https://cybersec.ithome.com.tw/2024/session-page/2897,江彬榮博士,中華電信資訊技術分公司,https://ccms.ithome.com.tw/api/slideapi/1463/click?l=https%3A%2F%2Fs.itho.me%2Fccms_slides%2F2024%2F5%2F23%2F2560025d-246d-4c67-bf4d-4dd9aaa9915b.pdf
514,1430-1500,以靜制動仍有效？軟體定義汽車的電控單元資安設計,https://cybersec.ithome.com.tw/2024/session-page/2810,朱益宏,,https://ccms.ithome.com.tw/api/slideapi/1468/click?l=https%3A%2F%2Fs.itho.me%2Fccms_slides%2F2024%2F5%2F23%2F5f3d8b5e-d700-4506-9726-73bb8886fce9.pdf
514,1445-1515,AI Security： Microsoft Copilot for Security 深入解析,https://cybersec.ithome.com.tw/2024/session-page/2582,林堅樂,微軟,https://ccms.ithome.com.tw/api/slideapi/1363/click?l=https%3A%2F%2Fs.itho.me%2Fccms_slides%2F2024%2F5%2F22%2F9b5701e9-54c5-48cb-812d-4229a03a6237.pdf
514,1445-1515,Czech Cyber Edge,https://cybersec.ithome.com.tw/2024/session-page/2949,Hana Kubátová,CTU in Prague,https://ccms.ithome.com.tw/api/slideapi/1444/click?l=https%3A%2F%2Fs.itho.me%2Fccms_slides%2F2024%2F5%2F23%2Ff8b319bd-370b-4eb8-85c6-3efa9b9b93b6.pdf
514,1445-1515,HCL Verse 郵件：雲端或自建，由您決定,https://cybersec.ithome.com.tw/2024/session-page/2593,陳乒,HCL Software,https://ccms.ithome.com.tw/api/slideapi/1457/click?l=https%3A%2F%2Fs.itho.me%2Fccms_slides%2F2024%2F5%2F23%2Ff556407e-ca1e-4f52-8b1b-d4ee2b1efa52.pdf
514,1445-1515,TWCERT服務介紹,https://cybersec.ithome.com.tw/2024/session-page/2868,林易澍,國家資通安全研究院,https://ccms.ithome.com.tw/api/slideapi/1360/click?l=https%3A%2F%2Fs.itho.me%2Fccms_slides%2F2024%2F5%2F22%2F43f710ac-24f9-40e2-99b6-57cd6aba6dba.pdf
514,1445-1515,如何打造供應鏈安全   以台達產品資安為例,https://cybersec.ithome.com.tw/2024/session-page/2585,田維誠,台達電子,https://ccms.ithome.com.tw/api/slideapi/1347/click?l=https%3A%2F%2Fs.itho.me%2Fccms_slides%2F2024%2F5%2F22%2F1823f02a-2224-4374-aa53-f96c70f83e1a.pdf
514,1445-1515,自動化的過去、現在和未來,https://cybersec.ithome.com.tw/2024/session-page/2926,黃凱程 (KC Wong),Swimlane Inc.,https://ccms.ithome.com.tw/api/slideapi/1357/click?l=https%3A%2F%2Fs.itho.me%2Fccms_slides%2F2024%2F5%2F22%2F049e8801-d21b-4731-86dc-c9817ea9d6a2.pdf
514,1445-1515,利用 DevSecOp 自動化工具來融合資安、開發，與維運團隊的最佳實務,https://cybersec.ithome.com.tw/2024/session-page/2589,Lambert Lin,達友科技,https://ccms.ithome.com.tw/api/slideapi/1343/click?l=https%3A%2F%2Fs.itho.me%2Fccms_slides%2F2024%2F5%2F22%2Fa7865d1f-d85a-4828-b355-0620e2914264.pdf
514,1445-1515,使用 Cato SSE 360 構建成熟的零信任架構,https://cybersec.ithome.com.tw/2024/session-page/2942,Colin Xia,Cato Networks,https://ccms.ithome.com.tw/api/slideapi/1464/click?l=https%3A%2F%2Fs.itho.me%2Fccms_slides%2F2024%2F5%2F23%2Fa9e71ade-6aaf-46a0-a4d5-80f085808ead.pdf
514,1445-1515,資安治理藍圖實踐：打造強健的資安體質與應對策略,https://cybersec.ithome.com.tw/2024/session-page/2874,曹家通 (Albert Tsao),威實康科技,https://ccms.ithome.com.tw/api/slideapi/1462/click?l=https%3A%2F%2Fs.itho.me%2Fccms_slides%2F2024%2F5%2F23%2Fc5c61ff6-e10a-4c5a-83dd-2c191bd16d84.pdf
514,1445-1515,與駭客對決：零信任網路下的 AI 智能與科技之戰,https://cybersec.ithome.com.tw/2024/session-page/2896,孫漢傑 博士,中華電信研究院,https://ccms.ithome.com.tw/api/slideapi/1487/click?l=https%3A%2F%2Fs.itho.me%2Fccms_slides%2F2024%2F5%2F24%2F67af2e0a-9dd1-4e19-aa6f-4edd41dfb584.pdf
514,1520-1550,工業物聯網（IIoT）資安策略：從雲端系統到端點設備的全面防護,https://cybersec.ithome.com.tw/2024/session-page/2836,林上智 (SZ Lin),國際自動化協會臺灣分會,https://ccms.ithome.com.tw/api/slideapi/1366/click?l=https%3A%2F%2Fs.itho.me%2Fccms_slides%2F2024%2F5%2F22%2F59433af3-bacc-4b24-9682-c656eac7633a.pdf
514,1545-1615,NDR 技術在零信任安全策略中的關鍵作用,https://cybersec.ithome.com.tw/2024/session-page/2841,林孟忠 (Sam Lin),ExtraHop,https://ccms.ithome.com.tw/api/slideapi/1461/click?l=https%3A%2F%2Fs.itho.me%2Fccms_slides%2F2024%2F5%2F23%2F0aaa6785-3686-488c-8059-8c330235834b.pdf
514,1545-1615,Security for AI： AI 時代的資料治理,https://cybersec.ithome.com.tw/2024/session-page/2583,陳瀅竹 (Lisa Chen),台灣微軟,https://ccms.ithome.com.tw/api/slideapi/1364/click?l=https%3A%2F%2Fs.itho.me%2Fccms_slides%2F2024%2F5%2F22%2Fee2f8eb3-4676-49ec-9cac-7be1cbfb7f3d.pdf
514,1545-1615,台灣語言模型於資安的應用：適用性與性能全方位探討,https://cybersec.ithome.com.tw/2024/session-page/2697,陳樞元 (Coco chen),奧義智慧科技,https://ccms.ithome.com.tw/api/slideapi/1491/click?l=https%3A%2F%2Fs.itho.me%2Fccms_slides%2F2024%2F5%2F24%2Fea47005b-d129-4b9b-8361-422d18a8e38c.pdf
514,1545-1615,利用 AI 驅動的全面零信任平台防禦高度複雜的網路攻擊,https://cybersec.ithome.com.tw/2024/session-page/2751,郭俊彬,Zscaler,https://ccms.ithome.com.tw/api/slideapi/1355/click?l=https%3A%2F%2Fs.itho.me%2Fccms_slides%2F2024%2F5%2F22%2Fd68b8e4d-513c-47ac-89ba-af3fc74a3d38.pdf
514,1545-1645,法律與科技的結合創建「司法聯盟鏈」--讓數位信任關係更可靠,https://cybersec.ithome.com.tw/2024/session-page/2711,魯志遠,法務部檢察司,https://ccms.ithome.com.tw/api/slideapi/1358/click?l=https%3A%2F%2Fs.itho.me%2Fccms_slides%2F2024%2F5%2F22%2Fd87d65be-6ff7-4fb2-b92b-ed1222543126.pdf
514,1545-1615,組態安全管理的溫故知新 ~ NIST SP 800-128 如何因應新興科技環境及國際標準,https://cybersec.ithome.com.tw/2024/session-page/2746,唐雍為,資誠智能風險管理諮詢,https://ccms.ithome.com.tw/api/slideapi/1359/click?l=https%3A%2F%2Fs.itho.me%2Fccms_slides%2F2024%2F5%2F22%2F7f984e2e-dd89-40d0-a196-9d999a9fa1e8.pdf
514,1545-1615,揭開黑暗之處的光明燈：用完整可視能力治理隱藏在暗處的威脅,https://cybersec.ithome.com.tw/2024/session-page/2876,張恩綾 (Romina Chang),Forescout,https://ccms.ithome.com.tw/api/slideapi/1350/click?l=https%3A%2F%2Fs.itho.me%2Fccms_slides%2F2024%2F5%2F22%2F7b2183c8-86a0-4f90-a3e3-4d466534a440.pdf
514,1545-1615,無死角的應用安全檢測，打造完美 Secure DevOps,https://cybersec.ithome.com.tw/2024/session-page/2594,Kevin Chia,HCL Software,https://ccms.ithome.com.tw/api/slideapi/1458/click?l=https%3A%2F%2Fs.itho.me%2Fccms_slides%2F2024%2F5%2F23%2F017b0e1b-efc2-4e1a-826c-bda3cc2a13eb.pdf
514,1545-1615,資安風險與永續管理：SecurityScorecard 引領供應鏈與 ESG 保護新時代,https://cybersec.ithome.com.tw/2024/session-page/2590,李世勤,SecurityScorecard,https://ccms.ithome.com.tw/api/slideapi/1344/click?l=https%3A%2F%2Fs.itho.me%2Fccms_slides%2F2024%2F5%2F22%2F1172b7a4-d557-4086-a8a3-b3c229751368.pdf
514,1620-1650,Am ng us，但是在工廠：發掘針對工控領域的中間人 ( Man-In-The-Middle ) 攻擊手法,https://cybersec.ithome.com.tw/2024/session-page/2811,Linwei Tsao,TXOne Networks,https://ccms.ithome.com.tw/api/slideapi/1469/click?l=https%3A%2F%2Fs.itho.me%2Fccms_slides%2F2024%2F5%2F23%2F1d92468b-d71e-46bc-94ba-875ea8267251.pdf
514,1630-1700,"AI 助攻, HCL BigFix 徹底改變端點管理與資訊安全",https://cybersec.ithome.com.tw/2024/session-page/2595,C. K. Lin,HCL Software,https://ccms.ithome.com.tw/api/slideapi/1459/click?l=https%3A%2F%2Fs.itho.me%2Fccms_slides%2F2024%2F5%2F23%2Fb3530229-0223-4830-900c-eba8275f1e6e.pdf
514,1630-1730,Azure 通天術 & 從天而降的掌法,https://cybersec.ithome.com.tw/2024/session-page/2792,蘇俊銘 (Jimmy Su),奧義智慧科技,https://ccms.ithome.com.tw/api/slideapi/1490/click?l=https%3A%2F%2Fs.itho.me%2Fccms_slides%2F2024%2F5%2F24%2F3b184ee1-a731-4ee7-97a0-a8243cc1454f.pdf
514,1630-1700,LLM 對抗性攻擊 - 網絡安全專家不應忽視的威脅,https://cybersec.ithome.com.tw/2024/session-page/2748,周彥儒 (Stanley Chou),OneDegree,https://ccms.ithome.com.tw/api/slideapi/1361/click?l=https%3A%2F%2Fs.itho.me%2Fccms_slides%2F2024%2F5%2F22%2F46bc1f92-19ca-4ef5-ad08-87d1833cecce.pdf
514,1630-1700,Q-Day 快要到來了？那是什麼？國安局、總統府應該緊張嗎？,https://cybersec.ithome.com.tw/2024/session-page/2581,黃光彩,池安量子資安公司,https://ccms.ithome.com.tw/api/slideapi/1352/click?l=https%3A%2F%2Fs.itho.me%2Fccms_slides%2F2024%2F5%2F22%2F23630243-4443-4e95-916e-71eb0a23d07d.pdf
514,1630-1730,系統核心防護組合拳：從晶片原理綜觀 Windows 11 核心既有防禦手段是否有效？,https://cybersec.ithome.com.tw/2024/session-page/2716,馬聖豪,TXOne Networks,https://ccms.ithome.com.tw/api/slideapi/1348/click?l=https%3A%2F%2Fs.itho.me%2Fccms_slides%2F2024%2F5%2F22%2F2c5e9b68-bba4-4d50-8107-3b9357b17b02.pdf
514,1630-1700,亞洲數位詐欺研究報告2024,https://cybersec.ithome.com.tw/2024/session-page/2708,劉彥伯,台灣數位信任協會,https://ccms.ithome.com.tw/api/slideapi/1465/click?l=https%3A%2F%2Fs.itho.me%2Fccms_slides%2F2024%2F5%2F23%2F7b848ee0-117e-46ab-b2f1-82c4ca41b5d5.pdf
514,1630-1700,科技風險管理的演進 (一)：從理論到跨國金融機構科技風險治理實務,https://cybersec.ithome.com.tw/2024/session-page/2794,小P,ISACA,https://ccms.ithome.com.tw/api/slideapi/1351/click?l=https%3A%2F%2Fs.itho.me%2Fccms_slides%2F2024%2F5%2F22%2Fed7c4539-f498-408a-ab8d-efed44649eed.pdf
514,1630-1700,智能管控企業上網，由外到內透視駭客一舉一動,https://cybersec.ithome.com.tw/2024/session-page/2591,彭中如,NEITHNET 騰曜網路科技,https://ccms.ithome.com.tw/api/slideapi/1345/click?l=https%3A%2F%2Fs.itho.me%2Fccms_slides%2F2024%2F5%2F22%2Faea2f49f-d842-42b5-a0e6-ae82067e41a9.pdf
514,1700-1730,科技風險管理的演進 (二)：從理論到跨國金融機構科技風險治理趨勢 - 網絡風險定量分析 (CRQ-Cyber Risk Quantification Analysis),https://cybersec.ithome.com.tw/2024/session-page/2795,小P,ISACA,https://ccms.ithome.com.tw/api/slideapi/1353/click?l=https%3A%2F%2Fs.itho.me%2Fccms_slides%2F2024%2F5%2F22%2F376efdc6-b4b6-46b4-af37-f834679f1bfa.pdf
515,0945-1015,"The Netherlands perspective on Cyber Security in the era of emerging threats and EU directives, how to deal with it in public private partnerships ",https://cybersec.ithome.com.tw/2024/session-page/2900,Joris den Bruinen,Security Delta (HSD) foundation,https://ccms.ithome.com.tw/api/slideapi/1488/click?l=https%3A%2F%2Fs.itho.me%2Fccms_slides%2F2024%2F5%2F24%2F50f1358c-6b59-4903-8b3f-3458b03a69e8.pdf
515,1045-1115,驚悚登場：ADAS 引發超大型碰碰車！揭秘你從未想像的駭客攻擊隱憂,https://cybersec.ithome.com.tw/2024/session-page/2723,張裕敏,VicOne,https://ccms.ithome.com.tw/api/slideapi/1479/click?l=https%3A%2F%2Fs.itho.me%2Fccms_slides%2F2024%2F5%2F23%2Fbc84199b-60fa-4803-b4a0-14f28cdeae8d.pdf
515,1115-1145,Essentials for an Aspiring CISO： Leading with Confidence in Uncertain Times,https://cybersec.ithome.com.tw/2024/session-page/2968,Kyle Lai,KLC Consulting,https://ccms.ithome.com.tw/api/slideapi/1478/click?l=https%3A%2F%2Fs.itho.me%2Fccms_slides%2F2024%2F5%2F23%2Fe28eb851-1ef3-4991-a90a-819d0940da5f.pdf
515,1300-1330,SBOM Ready  How do you turn this on  關鍵基礎設施產業 SBOM 剖析,https://cybersec.ithome.com.tw/2024/session-page/2812,Yenting Lee,TXOne Networks,https://ccms.ithome.com.tw/api/slideapi/1387/click?l=https%3A%2F%2Fs.itho.me%2Fccms_slides%2F2024%2F5%2F22%2F3ef2dc84-4f71-4508-a54c-ae99a3c37022.pdf
515,1400-1430,0day 與 Nday 漏洞攻擊剖析及企業應對之道,https://cybersec.ithome.com.tw/2024/session-page/2675,趙正宇,TRAPA Security,https://ccms.ithome.com.tw/api/slideapi/1472/click?l=https%3A%2F%2Fs.itho.me%2Fccms_slides%2F2024%2F5%2F23%2F2fbb6685-2014-4e05-8a98-8e15b5499437.pdf
515,1400-1430,如何安全使用雲端服務,https://cybersec.ithome.com.tw/2024/session-page/2798,鄭家明,Google Cloud,https://ccms.ithome.com.tw/api/slideapi/1375/click?l=https%3A%2F%2Fs.itho.me%2Fccms_slides%2F2024%2F5%2F22%2F9e010ecd-eee8-43c0-a2b5-055e6cfb0f0a.pdf
515,1400-1430,從單點防護邁向全方位點線面安全：企業如何因應 SASE 的革命,https://cybersec.ithome.com.tw/2024/session-page/2772,林裕祥 (Josh Lin),Fortinet,https://ccms.ithome.com.tw/api/slideapi/1367/click?l=https%3A%2F%2Fs.itho.me%2Fccms_slides%2F2024%2F5%2F22%2Ffbfd162d-c0fa-40ae-826b-960f3378ed1c.pdf
515,1400-1430,從 DevSecOps 視角重塑 Web3 安全： 方法論與實踐指南,https://cybersec.ithome.com.tw/2024/session-page/2695,Sun Huang,XREX,https://ccms.ithome.com.tw/api/slideapi/1382/click?l=https%3A%2F%2Fs.itho.me%2Fccms_slides%2F2024%2F5%2F22%2F47693880-b80c-407b-9a8a-18b22aac8922.pdf
515,1400-1430,資安比賽的冒險之旅：培養專業人才、職涯發展的跳板,https://cybersec.ithome.com.tw/2024/session-page/2804,尤理衡 (Li-Heng Yu),Cymetrics,https://ccms.ithome.com.tw/api/slideapi/1474/click?l=https%3A%2F%2Fs.itho.me%2Fccms_slides%2F2024%2F5%2F23%2F15fef11b-bcbe-42e5-9241-b199b3bccbac.pdf
515,1430-1500,深入淺出 Security Boundary 對車用安全設計的影響,https://cybersec.ithome.com.tw/2024/session-page/2823,Shin Li,VicOne,https://ccms.ithome.com.tw/api/slideapi/1445/click?l=https%3A%2F%2Fs.itho.me%2Fccms_slides%2F2024%2F5%2F23%2Fb50219a9-d9ed-4a76-9e9c-ab7481ba6ca3.pdf
515,1445-1515,30 分鐘看完資安工程師的一年：滲透案例解析與統整,https://cybersec.ithome.com.tw/2024/session-page/2677,Zet,Cymetrics,https://ccms.ithome.com.tw/api/slideapi/1473/click?l=https%3A%2F%2Fs.itho.me%2Fccms_slides%2F2024%2F5%2F23%2F81a182ef-75cb-42b0-b81a-98663508a262.pdf
515,1445-1515,打造AI-Native SOC：Next Generation SIEM 應用與實例介紹,https://cybersec.ithome.com.tw/2024/session-page/2688,Richard Lee,CrowdStrike,https://ccms.ithome.com.tw/api/slideapi/1433/click?l=https%3A%2F%2Fs.itho.me%2Fccms_slides%2F2024%2F5%2F23%2F40b4b988-f72f-43ad-aae9-f63c31b7ee16.pdf
515,1445-1515,我們與弱點管理的距離 - 加入 CNA Program 以及處理 PSIRT 弱點事件的實戰經驗,https://cybersec.ithome.com.tw/2024/session-page/2758,賴昭曄 (CY Lai),Moxa,https://ccms.ithome.com.tw/api/slideapi/1379/click?l=https%3A%2F%2Fs.itho.me%2Fccms_slides%2F2024%2F5%2F22%2F8abafb2e-c531-42c7-a0f9-a506a4a99728.pdf
515,1445-1515,更新爭霸戰：你的防毒軟體，是防毒還是軟體？,https://cybersec.ithome.com.tw/2024/session-page/2714,馬聖豪,TXOne Networks,https://ccms.ithome.com.tw/api/slideapi/1384/click?l=https%3A%2F%2Fs.itho.me%2Fccms_slides%2F2024%2F5%2F22%2F4b51abf1-6d1f-42fb-891a-3038b8da0fdf.pdf
515,1445-1515,剖析內網異常橫向流動行為，以藍隊思維角度及早發現駭客蹤跡,https://cybersec.ithome.com.tw/2024/session-page/2678,林岳鋒 (ART Lin),NEITHNET 騰曜網路科技,https://ccms.ithome.com.tw/api/slideapi/1376/click?l=https%3A%2F%2Fs.itho.me%2Fccms_slides%2F2024%2F5%2F22%2Fe6b406b2-23c0-4e3b-aad9-99361a1dd341.pdf
515,1445-1515,新一代 Web 應用程式防護,https://cybersec.ithome.com.tw/2024/session-page/2679,Allen Lin,A10 Networks,https://ccms.ithome.com.tw/api/slideapi/1385/click?l=https%3A%2F%2Fs.itho.me%2Fccms_slides%2F2024%2F5%2F22%2F87da7b94-a145-4ef4-813c-4d7f83e097fd.pdf
515,1445-1515,藍隊強固的理想與現實,https://cybersec.ithome.com.tw/2024/session-page/2733,莊般若,UCCU Hacker,https://ccms.ithome.com.tw/api/slideapi/1370/click?l=https%3A%2F%2Fs.itho.me%2Fccms_slides%2F2024%2F5%2F22%2F92e7efe8-ceb5-48ac-b4b3-81d87b42b031.pdf
515,1520-1550,解密車載網路 ( IVN )：探索它們的演進、功能與網路安全挑戰,https://cybersec.ithome.com.tw/2024/session-page/2756,Omar Yang,VicOne,https://ccms.ithome.com.tw/api/slideapi/1388/click?l=https%3A%2F%2Fs.itho.me%2Fccms_slides%2F2024%2F5%2F22%2F3b5e30ed-790c-4cd5-86b1-1ccd59b51014.pdf
515,1545-1615,AI 驅動的資安防護新篇章,https://cybersec.ithome.com.tw/2024/session-page/2770,李鵬 (Paul Li),Fortinet,https://ccms.ithome.com.tw/api/slideapi/1368/click?l=https%3A%2F%2Fs.itho.me%2Fccms_slides%2F2024%2F5%2F22%2F16d84773-1df8-4e5a-9f1c-09f17d5b1555.pdf
515,1545-1615,Security Code Review - 如何有系統地檢測程式碼安全性問題,https://cybersec.ithome.com.tw/2024/session-page/2702,林思辰 (Steven Lin),Synology,https://ccms.ithome.com.tw/api/slideapi/1380/click?l=https%3A%2F%2Fs.itho.me%2Fccms_slides%2F2024%2F5%2F22%2F0e66a2ac-2fb0-44ac-8ffb-ecc2222feaf6.pdf
515,1545-1615,持續演進的 AI & Cybersecurity 關鍵技術戰略,https://cybersec.ithome.com.tw/2024/session-page/2895,藍博彥 (Bruce Lan),Palo Alto Networks,https://ccms.ithome.com.tw/api/slideapi/1372/click?l=https%3A%2F%2Fs.itho.me%2Fccms_slides%2F2024%2F5%2F22%2Fdd4b2497-6f92-4f76-afe8-6096cd099798.pdf
515,1545-1645,框架化你的紅隊成果！從問題解決到長期資安策略,https://cybersec.ithome.com.tw/2024/session-page/2680,翁浩正,DEVCORE,https://ccms.ithome.com.tw/api/slideapi/1383/click?l=https%3A%2F%2Fs.itho.me%2Fccms_slides%2F2024%2F5%2F22%2F5f74d5ba-21d4-4792-9502-9ef829b7d513.pdf
515,1545-1615,從特權控制出發的次世代身分驗證與應用,https://cybersec.ithome.com.tw/2024/session-page/2743,Billy Chuang,CyberArk,https://ccms.ithome.com.tw/api/slideapi/1377/click?l=https%3A%2F%2Fs.itho.me%2Fccms_slides%2F2024%2F5%2F22%2Fbfe28db2-94c5-4bf3-9039-7d6f8e115046.pdf
515,1545-1615,傳統產業落實資訊安全的難處及困境,https://cybersec.ithome.com.tw/2024/session-page/2705,韓宗延,傳統產業,https://ccms.ithome.com.tw/api/slideapi/1373/click?l=https%3A%2F%2Fs.itho.me%2Fccms_slides%2F2024%2F5%2F22%2Fa6c82e0e-0922-4dfa-8d78-7e28235bf232.pdf
515,1545-1615,運用『高階情資』與『專家檢測服務』建構安全中心,https://cybersec.ithome.com.tw/2024/session-page/2572,謝長軒,卡巴斯基,https://ccms.ithome.com.tw/api/slideapi/1470/click?l=https%3A%2F%2Fs.itho.me%2Fccms_slides%2F2024%2F5%2F23%2Fc5fe974d-c56a-4e59-b7e6-ff5bc24fcc9d.pdf
515,1545-1615,運用雲端數位靶場平台精實資安人員防護戰技經驗分享,https://cybersec.ithome.com.tw/2024/session-page/2578,恭俊偉,數聯資安,https://ccms.ithome.com.tw/api/slideapi/1386/click?l=https%3A%2F%2Fs.itho.me%2Fccms_slides%2F2024%2F5%2F22%2Fd3b6945f-47c5-400b-8f3f-4e8ae384ba63.pdf
515,1620-1650,淺談在 Internet 流竄的 Conficker 對工控環境的威脅,https://cybersec.ithome.com.tw/2024/session-page/2814,王湘凱 (Tony Wang),TXOne Networks,https://ccms.ithome.com.tw/api/slideapi/1389/click?l=https%3A%2F%2Fs.itho.me%2Fccms_slides%2F2024%2F5%2F22%2Fafa98dc7-d3f7-4d97-b5a7-8e6dcf38fee6.pdf
515,1630-1730,EDR × FAMILY： AI 歸因家家酒,https://cybersec.ithome.com.tw/2024/session-page/2762,蔡耀德,TXOne Networks,https://ccms.ithome.com.tw/api/slideapi/1378/click?l=https%3A%2F%2Fs.itho.me%2Fccms_slides%2F2024%2F5%2F22%2F13cd7d82-254a-4005-b75a-e78e4d40578e.pdf
515,1630-1700,OT 資安不再若有似無,https://cybersec.ithome.com.tw/2024/session-page/2773,曹仁賢 (Degas Tsao),Fortinet,https://ccms.ithome.com.tw/api/slideapi/1369/click?l=https%3A%2F%2Fs.itho.me%2Fccms_slides%2F2024%2F5%2F22%2F48688467-6c35-4694-93ba-1b51117a8c91.pdf
515,1630-1700,PM 視角看資安 - 別讓專案成為駭客樂園,https://cybersec.ithome.com.tw/2024/session-page/2693,林家瑋 (Ray Lin),iFUS System Consultants Ltd.,https://ccms.ithome.com.tw/api/slideapi/1381/click?l=https%3A%2F%2Fs.itho.me%2Fccms_slides%2F2024%2F5%2F22%2F71213267-ad57-4044-9995-4d9480a01681.pdf
515,1630-1700,如何用 OpenSource 打造藍隊專屬的雲端事件應變鑑識知識庫,https://cybersec.ithome.com.tw/2024/session-page/2769,Tim Yeh,AWS Taiwan,https://ccms.ithome.com.tw/api/slideapi/1371/click?l=https%3A%2F%2Fs.itho.me%2Fccms_slides%2F2024%2F5%2F22%2Fecfcf0ae-9d24-4757-b3a4-d2aa9160fdcc.pdf
515,1630-1700,鄰居幫你用鍵盤滑鼠 (輸入裝置無線協定漏洞分析),https://cybersec.ithome.com.tw/2024/session-page/2852,Ta-Lun Yen,TXOne Networks,https://ccms.ithome.com.tw/api/slideapi/1495/click?l=https%3A%2F%2Fs.itho.me%2Fccms_slides%2F2024%2F5%2F24%2F59617127-c1a5-4017-9499-073f568f102a.pdf
515,1630-1700,營造信任 • 強化韌性 • 創造價值 - 年度資安治理成效暨展望,https://cybersec.ithome.com.tw/2024/session-page/2803,游政卿,合勤投資控股,https://ccms.ithome.com.tw/api/slideapi/1374/click?l=https%3A%2F%2Fs.itho.me%2Fccms_slides%2F2024%2F5%2F22%2F7c499200-eabe-4380-baed-b34f34a1df29.pdf
516,0930-1030,Drive into the DarkWeb,https://cybersec.ithome.com.tw/2024/session-page/2729,Jie,Palo Alto Networks,https://ccms.ithome.com.tw/api/slideapi/1394/click?l=https%3A%2F%2Fs.itho.me%2Fccms_slides%2F2024%2F5%2F22%2Ff620ad9a-d432-4079-b976-2a2f8e168a60.pdf
516,0930-1000,將偵測工程 (Detection Engineering) 應用於 Active Directory (AD) 中與 Kerberos 相關之攻擊,https://cybersec.ithome.com.tw/2024/session-page/2753,Mars Cheng,TXOne Networks,https://ccms.ithome.com.tw/api/slideapi/1425/click?l=https%3A%2F%2Fs.itho.me%2Fccms_slides%2F2024%2F5%2F23%2F640c3018-4861-4c4e-b049-40cc58169fa4.pdf
516,0930-1000,從 2023 年漫天的資安事件中分析勒索軟體組織至國家級駭客組織的攻擊趨勢,https://cybersec.ithome.com.tw/2024/session-page/2739,Yi-An Lin,TXOne Networks,https://ccms.ithome.com.tw/api/slideapi/1405/click?l=https%3A%2F%2Fs.itho.me%2Fccms_slides%2F2024%2F5%2F22%2F918477d4-654b-433b-a9a0-f80ea555da42.pdf
516,0930-1000,從充電樁資通安全規格到充電服務維運之資通安全,https://cybersec.ithome.com.tw/2024/session-page/2838,查士朝,國立臺灣科技大學,https://ccms.ithome.com.tw/api/slideapi/1414/click?l=https%3A%2F%2Fs.itho.me%2Fccms_slides%2F2024%2F5%2F22%2F0d8fcbfa-c339-4c80-bd4f-0eb5843147eb.pdf
516,0930-1000,智慧車聯網資安的美麗與哀愁,https://cybersec.ithome.com.tw/2024/session-page/2815,洪光鈞,安華聯網科技股份有限公司,https://ccms.ithome.com.tw/api/slideapi/1432/click?l=https%3A%2F%2Fs.itho.me%2Fccms_slides%2F2024%2F5%2F23%2F331f3099-4440-44ca-99dd-73ab253e529c.pdf
516,0945-1015,金融政策現況與展望,https://cybersec.ithome.com.tw/2024/session-page/2971,林裕泰,金融監督管理委員會,https://ccms.ithome.com.tw/api/slideapi/1449/click?l=https%3A%2F%2Fs.itho.me%2Fccms_slides%2F2024%2F5%2F23%2F27974b2a-2e5a-43be-97f2-4b8512245682.pdf
516,1015-1045,NIST《後量子密碼標準》的關鍵   如何制定策略抵禦量子運算帶來的新威脅,https://cybersec.ithome.com.tw/2024/session-page/2699,Shaun Chen,Thales DIS CPL,https://ccms.ithome.com.tw/api/slideapi/1497/click?l=https%3A%2F%2Fs.itho.me%2Fccms_slides%2F2024%2F5%2F27%2Fbd9f4e75-5a04-4dd4-8253-40d320c4fd1d.pdf
516,1015-1045,10：10-10：25 後量子安全國際研討會開場及講者介紹 & 量子電腦發展對密碼學或資安的影響,https://cybersec.ithome.com.tw/2024/session-page/2983,高傳凱 Mars Kao,財團法人資訊工業策進會,https://ccms.ithome.com.tw/api/slideapi/1450/click?l=https%3A%2F%2Fs.itho.me%2Fccms_slides%2F2024%2F5%2F23%2F9ff18045-c20b-4688-9753-bcedeb95332b.pdf
516,1015-1045,你很 Genius？！駭客也是！,https://cybersec.ithome.com.tw/2024/session-page/2706,游照臨 (Steven Meow),趨勢科技,https://ccms.ithome.com.tw/api/slideapi/1398/click?l=https%3A%2F%2Fs.itho.me%2Fccms_slides%2F2024%2F5%2F22%2F2db96ec7-bf91-4bf8-bd6e-5ffca2dfd1e9.pdf
516,1015-1045,告警處理完畢，後續無任何異常...嗎？,https://cybersec.ithome.com.tw/2024/session-page/2736,曾志強,中華資安國際,https://ccms.ithome.com.tw/api/slideapi/1409/click?l=https%3A%2F%2Fs.itho.me%2Fccms_slides%2F2024%2F5%2F22%2Fb9a2f0d2-fe38-47aa-9d42-988476ab838b.pdf
516,1015-1115,金融資安精進措施經驗分享,https://cybersec.ithome.com.tw/2024/session-page/2940,林裕泰,金融監督管理委員會,https://ccms.ithome.com.tw/api/slideapi/1390/click?l=https%3A%2F%2Fs.itho.me%2Fccms_slides%2F2024%2F5%2F22%2F7ff31560-a395-401a-9b51-c6e3983b0415.pdf
516,1015-1045,展望 ICS 安全：CSF 2.0 和其他新興技術的火花,https://cybersec.ithome.com.tw/2024/session-page/2586,周裕華 (Kent Chou),OPSWAT,https://ccms.ithome.com.tw/api/slideapi/1418/click?l=https%3A%2F%2Fs.itho.me%2Fccms_slides%2F2024%2F5%2F23%2F632ece31-e9ab-4fc1-bfe0-1ab709b2f1b6.pdf
516,1015-1045,解析 Earth Krahang 針對多國政府機關的攻擊活動,https://cybersec.ithome.com.tw/2024/session-page/2749,Joseph Chen,趨勢科技,https://ccms.ithome.com.tw/api/slideapi/1446/click?l=https%3A%2F%2Fs.itho.me%2Fccms_slides%2F2024%2F5%2F23%2Fa02bd4a7-9121-4fc0-804e-edd6edc7917f.pdf
516,1015-1115,隱私強化技術之技術概覽,https://cybersec.ithome.com.tw/2024/session-page/2673,陳昱圻,國立臺北科技大學,https://ccms.ithome.com.tw/api/slideapi/1416/click?l=https%3A%2F%2Fs.itho.me%2Fccms_slides%2F2024%2F5%2F22%2Fb09f3106-758f-4f09-92b8-b8efaa5c0250.pdf
516,1030-1100,硬體安全在資安信任鏈中扮演的角色及如何幫助 AIoT 應用抵禦資安攻擊,https://cybersec.ithome.com.tw/2024/session-page/2829,Connie Chen,PUFsecurity Corporation 熵碼科技股份有限公司,https://ccms.ithome.com.tw/api/slideapi/1434/click?l=https%3A%2F%2Fs.itho.me%2Fccms_slides%2F2024%2F5%2F23%2F5edaeac2-46e5-4b41-bcd8-fc187fd45d19.pdf
516,1100-1130,Earth Estries： 瞄準政府和科技業進行網路間諜活動,https://cybersec.ithome.com.tw/2024/session-page/2765,Ted Lee,趨勢科技,https://ccms.ithome.com.tw/api/slideapi/1395/click?l=https%3A%2F%2Fs.itho.me%2Fccms_slides%2F2024%2F5%2F22%2F8d12ab23-34cd-4a96-b1f0-b87439342331.pdf
516,1100-1130,GenAI 強化 DevSecOps—從原始碼生成到漏洞修補一手包辦,https://cybersec.ithome.com.tw/2024/session-page/2863,林君容,資策會,https://ccms.ithome.com.tw/api/slideapi/1481/click?l=https%3A%2F%2Fs.itho.me%2Fccms_slides%2F2024%2F5%2F24%2F46691553-625c-4ed9-adea-7ad8472d3a71.pdf
516,1100-1130,10：25-11：25 後量子密碼學國際趨勢分析 與 實作量子安全密碼學遷移的挑戰,https://cybersec.ithome.com.tw/2024/session-page/2947,Tanja Lange,荷蘭愛因霍芬科技大學,https://ccms.ithome.com.tw/api/slideapi/1451/click?l=https%3A%2F%2Fs.itho.me%2Fccms_slides%2F2024%2F5%2F23%2F4f9a6599-9b30-4a9e-8b44-850b0b4b4e66.pdf
516,1100-1130,面對勒索軟體威脅，NetApp 讓您化被動為主動,https://cybersec.ithome.com.tw/2024/session-page/2872,徐榮君,零壹科技,https://ccms.ithome.com.tw/api/slideapi/1406/click?l=https%3A%2F%2Fs.itho.me%2Fccms_slides%2F2024%2F5%2F22%2Fc8485a63-71f1-4a7f-89af-f5d10ed6fe70.pdf
516,1100-1130,消失的界線：工業控制系統與企業網路的資安威脅與應對策略,https://cybersec.ithome.com.tw/2024/session-page/2737,劉叡,中華資安國際,https://ccms.ithome.com.tw/api/slideapi/1448/click?l=https%3A%2F%2Fs.itho.me%2Fccms_slides%2F2024%2F5%2F23%2F6684426e-af5d-4342-bead-184cf3413725.pdf
516,1100-1130,啟動資安左移新戰略，開闢事前新戰場,https://cybersec.ithome.com.tw/2024/session-page/2877,黃文亮,宏碁資訊,https://ccms.ithome.com.tw/api/slideapi/1410/click?l=https%3A%2F%2Fs.itho.me%2Fccms_slides%2F2024%2F5%2F22%2Fe3655801-3ef6-42da-99a4-cc9b43c0bddb.pdf
516,1100-1130,軟體物料清單 （ SBOM ） 實務應用：探討常見誤區與關鍵指引,https://cybersec.ithome.com.tw/2024/session-page/2667,林上智 (SZ Lin),國際自動化協會臺灣分會,https://ccms.ithome.com.tw/api/slideapi/1422/click?l=https%3A%2F%2Fs.itho.me%2Fccms_slides%2F2024%2F5%2F23%2F9d0d44b0-386b-43c3-8e99-c23c6b8e3a6e.pdf
516,1100-1200,量測雲端身份攻擊面：別忘記那些邊緣人,https://cybersec.ithome.com.tw/2024/session-page/2793,孫維崗 (Gary Sun),奧義智慧科技,https://ccms.ithome.com.tw/api/slideapi/1489/click?l=https%3A%2F%2Fs.itho.me%2Fccms_slides%2F2024%2F5%2F24%2Fedfa418a-fe0e-4c1c-a4d8-59f0760520f9.pdf
516,1100-1130,零成本 pwn 通訊物聯網裝置入門到放棄,https://cybersec.ithome.com.tw/2024/session-page/2817,林靜儀（ㄌㄐ）,CTOne,https://ccms.ithome.com.tw/api/slideapi/1455/click?l=https%3A%2F%2Fs.itho.me%2Fccms_slides%2F2024%2F5%2F23%2F9b6b8133-9d39-41f7-8990-242352802002.pdf
516,1130-1200,當資安已經不是選項-為物網網資安認證做好準備,https://cybersec.ithome.com.tw/2024/session-page/2854,Joe Wang,Keysight 是德科技,https://ccms.ithome.com.tw/api/slideapi/1435/click?l=https%3A%2F%2Fs.itho.me%2Fccms_slides%2F2024%2F5%2F23%2Fe9756286-878e-498d-bcf7-cc357b773e63.pdf
516,1145-1215,11：25-12：15 後量子安全在軟體資訊系統開發的實踐與挑戰 與 從 SoC 設計產業看量子安全應用,https://cybersec.ithome.com.tw/2024/session-page/2948,廖長健,網擎資訊軟體股份有限公司,https://ccms.ithome.com.tw/api/slideapi/1453/click?l=https%3A%2F%2Fs.itho.me%2Fccms_slides%2F2024%2F5%2F23%2F36460de5-399c-460d-bcd2-81771d036b0d.pdf
516,1145-1215,工控協定的深度解析與行為學習,https://cybersec.ithome.com.tw/2024/session-page/2724,邱允鵬,椰棗科技,https://ccms.ithome.com.tw/api/slideapi/1419/click?l=https%3A%2F%2Fs.itho.me%2Fccms_slides%2F2024%2F5%2F23%2F36d87852-d302-47c2-af5a-5566efb1f206.pdf
516,1145-1215,公部門小型系統容器化後的 DevSecOps 轉型經驗分享,https://cybersec.ithome.com.tw/2024/session-page/2696,楊世鈺,衛生福利部,https://ccms.ithome.com.tw/api/slideapi/1399/click?l=https%3A%2F%2Fs.itho.me%2Fccms_slides%2F2024%2F5%2F22%2F9c2f1927-7fb4-4d63-acbc-5603b55f8de3.pdf
516,1145-1215,企業必知：適應新個資法下的資安挑戰與機遇,https://cybersec.ithome.com.tw/2024/session-page/2674,蕭奕弘,蕭奕弘律師事務所,https://ccms.ithome.com.tw/api/slideapi/1485/click?l=https%3A%2F%2Fs.itho.me%2Fccms_slides%2F2024%2F5%2F24%2F52c8cf28-e948-4258-99a5-a250d94761b0.pdf
516,1145-1215,供應商安全管理-產品導入前的安全測試,https://cybersec.ithome.com.tw/2024/session-page/2670,PD Lee,自由顧問,https://ccms.ithome.com.tw/api/slideapi/1423/click?l=https%3A%2F%2Fs.itho.me%2Fccms_slides%2F2024%2F5%2F23%2Fa517899e-526a-4876-acbb-61c85fa55f1d.pdf
516,1145-1215,資安產品的專利應用與挑戰,https://cybersec.ithome.com.tw/2024/session-page/2828,胡世銘,威聯通科技,https://ccms.ithome.com.tw/api/slideapi/1396/click?l=https%3A%2F%2Fs.itho.me%2Fccms_slides%2F2024%2F5%2F22%2F0bbfd71a-1081-412b-bb00-9872ec120831.pdf
516,1145-1215,數位轉型實踐：單一供應商 SASE 解決方案,https://cybersec.ithome.com.tw/2024/session-page/2965,許庭瑜 (Marsha),Cloudflare,https://ccms.ithome.com.tw/api/slideapi/1427/click?l=https%3A%2F%2Fs.itho.me%2Fccms_slides%2F2024%2F5%2F23%2F92a9d8c1-56ad-4104-aaf2-63ed600b9169.pdf
516,1300-1330,保全都要有牌了!! 身為攻擊手的你呢  ,https://cybersec.ithome.com.tw/2024/session-page/2898,黃建笙 ( 方丈 ),登豐數位科技,https://ccms.ithome.com.tw/api/slideapi/1483/click?l=https%3A%2F%2Fs.itho.me%2Fccms_slides%2F2024%2F5%2F24%2Fe6cb7c1d-284b-4fe6-87a2-b61517a9b7e2.pdf
516,1300-1330,落實 5G 資安檢測與防護的重要性 ~ 從意想不到的攻擊情境談起,https://cybersec.ithome.com.tw/2024/session-page/2818,蔡宜學,財團法人資訊工業策進會,https://ccms.ithome.com.tw/api/slideapi/1436/click?l=https%3A%2F%2Fs.itho.me%2Fccms_slides%2F2024%2F5%2F23%2F2f14bca5-d985-43ae-ac01-6cbd12659a63.pdf
516,1400-1430,AD 已經防不完了，怎麼還有個 Azure AD？,https://cybersec.ithome.com.tw/2024/session-page/2707,游照臨 (Steven Meow),趨勢科技,https://ccms.ithome.com.tw/api/slideapi/1411/click?l=https%3A%2F%2Fs.itho.me%2Fccms_slides%2F2024%2F5%2F22%2F48fe6ca0-ed59-4a1d-a631-874038ed512b.pdf
516,1400-1500,Azure 混合雲安全實踐,https://cybersec.ithome.com.tw/2024/session-page/2752,黃建笙 ( 方丈 ),登豐數位科技,https://ccms.ithome.com.tw/api/slideapi/1484/click?l=https%3A%2F%2Fs.itho.me%2Fccms_slides%2F2024%2F5%2F24%2Fb2827a00-16d6-4f2a-b13a-5783cd65b84b.pdf
516,1400-1430,EDR 致盲大作戰：解密 APT 攻擊中的 Evasion 藝術,https://cybersec.ithome.com.tw/2024/session-page/2790,趙偉捷 (oalieno),奧義智慧科技,https://ccms.ithome.com.tw/api/slideapi/1492/click?l=https%3A%2F%2Fs.itho.me%2Fccms_slides%2F2024%2F5%2F24%2F82199f76-195a-45bf-87d5-af9cafc30cf4.pdf
516,1400-1430,OT 網路資安規範趨勢與設備供應商之因應,https://cybersec.ithome.com.tw/2024/session-page/2754,黃凱偵,Moxa,https://ccms.ithome.com.tw/api/slideapi/1420/click?l=https%3A%2F%2Fs.itho.me%2Fccms_slides%2F2024%2F5%2F23%2Faa7448e9-cde5-486f-a4d8-7e38d3de224d.pdf
516,1400-1410,2024 臺灣科技業徵才市場展望和薪資趨勢,https://cybersec.ithome.com.tw/2024/session-page/2941,Yuan Hsiao,Robert Walters 臺灣,https://ccms.ithome.com.tw/api/slideapi/1439/click?l=https%3A%2F%2Fs.itho.me%2Fccms_slides%2F2024%2F5%2F23%2Fa6cae82c-93db-4cfb-ba50-bc64ea60e281.pdf
516,1400-1430,金融資安事件應變的資安長心態權衡：韌性治理或鑑識證據,https://cybersec.ithome.com.tw/2024/session-page/2727,Dayu Kao,永豐商業銀行,https://ccms.ithome.com.tw/api/slideapi/1392/click?l=https%3A%2F%2Fs.itho.me%2Fccms_slides%2F2024%2F5%2F22%2F5ba0b8fe-75d3-4c86-b658-a73cf03bfac2.pdf
516,1400-1430,狩獵網路威脅，打造可信賴的物聯網產品,https://cybersec.ithome.com.tw/2024/session-page/2820,Kyo Chen,Panasonic,https://ccms.ithome.com.tw/api/slideapi/1437/click?l=https%3A%2F%2Fs.itho.me%2Fccms_slides%2F2024%2F5%2F23%2Fba5930fa-fc0f-4597-8669-f6b140fa5905.pdf
516,1400-1430,“歸零射擊  零信任 – 資安三點與三險 (危險、風險與保險),https://cybersec.ithome.com.tw/2024/session-page/2967,羅天一,國際票券,https://ccms.ithome.com.tw/api/slideapi/1476/click?l=https%3A%2F%2Fs.itho.me%2Fccms_slides%2F2024%2F5%2F23%2Fd27b901e-820e-442d-a57e-62ff11c5ba1f.pdf
516,1410-1440,邁向產業資安人才培育生態圈：開啟蘊育人才之路,https://cybersec.ithome.com.tw/2024/session-page/2867,鄭瑋,國家資通安全研究院,https://ccms.ithome.com.tw/api/slideapi/1440/click?l=https%3A%2F%2Fs.itho.me%2Fccms_slides%2F2024%2F5%2F23%2Fb4393885-e2ac-40cc-b35a-debfa425162b.pdf
516,1430-1500,密碼貨幣錢包的安全架構與挑戰,https://cybersec.ithome.com.tw/2024/session-page/2821,Jay Zhuang,CoolBitX,https://ccms.ithome.com.tw/api/slideapi/1438/click?l=https%3A%2F%2Fs.itho.me%2Fccms_slides%2F2024%2F5%2F23%2Fd4917803-932c-4fc8-81dc-4776d0c87f0c.pdf
516,1445-1515,Mind The Gate： 探討 macOS 內建防毒機制 Gatekeeper 的繞過手法,https://cybersec.ithome.com.tw/2024/session-page/2747,黃智威 (Will Huang),TeamT5 杜浦數位安全,https://ccms.ithome.com.tw/api/slideapi/1428/click?l=https%3A%2F%2Fs.itho.me%2Fccms_slides%2F2024%2F5%2F23%2Fd1057739-ea3a-4288-9275-c3c9b0e3d6a8.pdf
516,1445-1515,OT 資產之設定、變更、漏洞與合規管理,https://cybersec.ithome.com.tw/2024/session-page/2861,張振忠,研杰科技股份有限公司,https://ccms.ithome.com.tw/api/slideapi/1494/click?l=https%3A%2F%2Fs.itho.me%2Fccms_slides%2F2024%2F5%2F24%2F1471c4cc-41d4-4092-878d-2bcbf772e95d.pdf
516,1445-1515,在內部控制制度導入 「上市上櫃公司資通安全管控指引」 之探討,https://cybersec.ithome.com.tw/2024/session-page/2712,彭偉鎧,台灣車輛,https://ccms.ithome.com.tw/api/slideapi/1403/click?l=https%3A%2F%2Fs.itho.me%2Fccms_slides%2F2024%2F5%2F22%2F21d85d50-987e-42d5-b9af-1485580de1f7.pdf
516,1445-1515,如何落實網路韌性－Veritas 360 Defense,https://cybersec.ithome.com.tw/2024/session-page/2587,陳力維 (Siegfried Chen),Veritas,https://ccms.ithome.com.tw/api/slideapi/1407/click?l=https%3A%2F%2Fs.itho.me%2Fccms_slides%2F2024%2F5%2F22%2F06541ad8-7767-4502-b667-7d9d0fd0588c.pdf
516,1445-1515,致 Dev 與 Ops 的容器安全小提醒,https://cybersec.ithome.com.tw/2024/session-page/2731,高于凱,勤業眾信聯合會計師事務所,https://ccms.ithome.com.tw/api/slideapi/1417/click?l=https%3A%2F%2Fs.itho.me%2Fccms_slides%2F2024%2F5%2F23%2F5547d5ee-8a20-4ba2-8034-b5d9a3e56101.pdf
516,1445-1545,雲端事件處理與資安事故調查報告撰寫,https://cybersec.ithome.com.tw/2024/session-page/2768,Tim Yeh,AWS Taiwan,https://ccms.ithome.com.tw/api/slideapi/1486/click?l=https%3A%2F%2Fs.itho.me%2Fccms_slides%2F2024%2F5%2F24%2F359d278d-e59f-4a04-afae-49ceac196c95.pdf
516,1500-1520,外洩無門：CMMC 下的資料外洩防護對策,https://cybersec.ithome.com.tw/2024/session-page/2598,陳育徽 (Alden Chen),FineArt Technology 精品科技,https://ccms.ithome.com.tw/api/slideapi/1400/click?l=https%3A%2F%2Fs.itho.me%2Fccms_slides%2F2024%2F5%2F22%2F12ea43b6-60c1-4cc8-bed6-272548cb04f3.pdf
516,1510-1525,資訊安全國際標準更上層樓 - 隱私資訊管理系統,https://cybersec.ithome.com.tw/2024/session-page/2918,花永榮 Royce,AINETWORK 全智網科技,https://ccms.ithome.com.tw/api/slideapi/1441/click?l=https%3A%2F%2Fs.itho.me%2Fccms_slides%2F2024%2F5%2F23%2F004e2e7f-ca29-4b4e-8942-4fb3e8231d75.pdf
516,1520-1550,Secure Vault全面提升Matter物聯網設備安全性,https://cybersec.ithome.com.tw/2024/session-page/2901,林仕文（Steven Lin）,Silicon Labs,https://ccms.ithome.com.tw/api/slideapi/1460/click?l=https%3A%2F%2Fs.itho.me%2Fccms_slides%2F2024%2F5%2F23%2F0108a792-b2cf-4700-aabb-24edb0906dea.pdf
516,1525-1535,資安從業人員專業證照最佳起手式-iPAS中級資安工程師,https://cybersec.ithome.com.tw/2024/session-page/2866,陳崇銘 (Eric Chen),資拓宏宇國際股份有限公司,https://ccms.ithome.com.tw/api/slideapi/1442/click?l=https%3A%2F%2Fs.itho.me%2Fccms_slides%2F2024%2F5%2F23%2F3311aaa3-94fb-4960-9bee-ad7684a25b33.pdf
516,1530-1600,Insight from a C3PAO - CMMC (Joint Surveillance) Assessment Experience Sharing,https://cybersec.ithome.com.tw/2024/session-page/2834,Kyle Lai,KLC Consulting,https://ccms.ithome.com.tw/api/slideapi/1401/click?l=https%3A%2F%2Fs.itho.me%2Fccms_slides%2F2024%2F5%2F22%2F59f24667-44f3-48ab-915c-7ed8f8ce81ce.pdf
516,1535-1605,證照遊戲：那些證照以外的事,https://cybersec.ithome.com.tw/2024/session-page/2890,唐任威,ISC2 Taipei Chapter,https://ccms.ithome.com.tw/api/slideapi/1443/click?l=https%3A%2F%2Fs.itho.me%2Fccms_slides%2F2024%2F5%2F23%2Fea35661a-6c40-4103-9271-afd90e816ff2.pdf
516,1545-1615,AI 浪潮衝擊下，如何運用 Splunk 的 AI 賦能全方位處理各式資安攻擊,https://cybersec.ithome.com.tw/2024/session-page/2573,Daniel Yeung,Splunk,https://ccms.ithome.com.tw/api/slideapi/1475/click?l=https%3A%2F%2Fs.itho.me%2Fccms_slides%2F2024%2F5%2F23%2Fa47226bc-9115-4ca0-b6c1-6419d346aa22.pdf
516,1545-1645,ISA   IEC 62443-4-1 與 4-2 實戰應用：工控產品安全開發與實作中的常見誤解與最佳實踐,https://cybersec.ithome.com.tw/2024/session-page/2689,林上智 (SZ Lin),國際自動化協會臺灣分會,https://ccms.ithome.com.tw/api/slideapi/1421/click?l=https%3A%2F%2Fs.itho.me%2Fccms_slides%2F2024%2F5%2F23%2F302c34f2-cd28-4c35-bfd9-63265f34f878.pdf
516,1545-1615,成熟的容器，該學會保護自己！談雲端RASP實作與應用,https://cybersec.ithome.com.tw/2024/session-page/2692,陳宏霈 (zodius),中華資安國際,https://ccms.ithome.com.tw/api/slideapi/1431/click?l=https%3A%2F%2Fs.itho.me%2Fccms_slides%2F2024%2F5%2F23%2F2a44abb1-f3a4-4986-b84b-a643d4db7175.pdf
516,1545-1615,你的行事曆就是我的C2-偽裝溝通的鍊金術,https://cybersec.ithome.com.tw/2024/session-page/2740,賴家民,瑞擎數位,https://ccms.ithome.com.tw/api/slideapi/1429/click?l=https%3A%2F%2Fs.itho.me%2Fccms_slides%2F2024%2F5%2F23%2F0bc763e9-7300-48f5-938c-946c2a0ac3fc.pdf
516,1545-1615,紅隊演練有三關，你在哪一關？,https://cybersec.ithome.com.tw/2024/session-page/2728,鍾澤華 (Aaron),DEVCORE,https://ccms.ithome.com.tw/api/slideapi/1412/click?l=https%3A%2F%2Fs.itho.me%2Fccms_slides%2F2024%2F5%2F22%2Fe515aabb-2fc9-4814-9987-0a9bb506b98b.pdf
516,1545-1615,從漏洞案例解析 QT Framework 的應用程式安全,https://cybersec.ithome.com.tw/2024/session-page/2802,Hank Chen,InnoEdge Labs,https://ccms.ithome.com.tw/api/slideapi/1477/click?l=https%3A%2F%2Fs.itho.me%2Fccms_slides%2F2024%2F5%2F23%2Fe9c802b8-5aef-4976-97be-7fe930e56503.pdf
516,1545-1615,敏捷性系統開發生命週期下之託管服務與風險掌握,https://cybersec.ithome.com.tw/2024/session-page/2827,林于翔 (AL),資誠智能風險管理諮詢,https://ccms.ithome.com.tw/api/slideapi/1498/click?l=https%3A%2F%2Fs.itho.me%2Fccms_slides%2F2024%2F5%2F27%2F816974c3-b5b6-42ba-8102-3a26f24d40b0.pdf
516,1545-1615,淺談 CVSS 4.0 與弱點分數評估的演變,https://cybersec.ithome.com.tw/2024/session-page/2676,Canaan Kao,TXOne Networks,https://ccms.ithome.com.tw/api/slideapi/1424/click?l=https%3A%2F%2Fs.itho.me%2Fccms_slides%2F2024%2F5%2F23%2F9ea5daf2-4d62-47e6-9e4a-68f3386e22c2.pdf
516,1545-1615,資安人員如何撰寫一份好的標準作業流程 ( SOP ),https://cybersec.ithome.com.tw/2024/session-page/2764,余建宗 (Grayson),國票綜合證券,https://ccms.ithome.com.tw/api/slideapi/1393/click?l=https%3A%2F%2Fs.itho.me%2Fccms_slides%2F2024%2F5%2F22%2Fd71ab413-d830-4fe0-a500-c51b0ed3d923.pdf
516,1545-1615,零信任安全：6大實施障礙與解決方案,https://cybersec.ithome.com.tw/2024/session-page/2681,盧惠光,台灣二版,https://ccms.ithome.com.tw/api/slideapi/1408/click?l=https%3A%2F%2Fs.itho.me%2Fccms_slides%2F2024%2F5%2F22%2Fb4fd07e9-1b62-4fdf-967d-414d1196637c.pdf
516,1545-1615,數位時代的資安航向：上市櫃企業營運資安保護關鍵策略,https://cybersec.ithome.com.tw/2024/session-page/2888,藍文贊 Bryan Lan,Broadcom Software,https://ccms.ithome.com.tw/api/slideapi/1482/click?l=https%3A%2F%2Fs.itho.me%2Fccms_slides%2F2024%2F5%2F24%2F23e13326-4caf-427b-bdd6-4d9bb548884b.pdf
516,1600-1630,從國防安全看台灣導入 CMMC 的推動策略,https://cybersec.ithome.com.tw/2024/session-page/2957,黃希儒,國防安全研究院,https://ccms.ithome.com.tw/api/slideapi/1402/click?l=https%3A%2F%2Fs.itho.me%2Fccms_slides%2F2024%2F5%2F23%2F12c15227-348e-403d-8265-d1d77c773e4e.pdf
516,1620-1650,工業資安不斷鏈 - OT 網路系統變化趨勢與資安考量,https://cybersec.ithome.com.tw/2024/session-page/2826,郭彥徵 (Robert Kuo),Moxa,https://ccms.ithome.com.tw/api/slideapi/1447/click?l=https%3A%2F%2Fs.itho.me%2Fccms_slides%2F2024%2F5%2F23%2F9b1d8643-93a0-48e2-aa0f-2546d4b7d74b.pdf
516,1630-1700,AI 資安防護與應用,https://cybersec.ithome.com.tw/2024/session-page/2777,鄭家明,Google Cloud,https://ccms.ithome.com.tw/api/slideapi/1397/click?l=https%3A%2F%2Fs.itho.me%2Fccms_slides%2F2024%2F5%2F22%2F99c76118-c3c9-49d5-ad44-2899626e924b.pdf
516,1630-1700,Graylog Open 打造資安戰情中心經驗分享,https://cybersec.ithome.com.tw/2024/session-page/2755,鄭郁霖 (Jason Cheng),節省工具箱,https://ccms.ithome.com.tw/api/slideapi/1413/click?l=https%3A%2F%2Fs.itho.me%2Fccms_slides%2F2024%2F5%2F22%2Fec026524-7efd-47ce-ac17-ad6e51a25fc0.pdf
516,1630-1700,LSASS 技術：憑證被竊取之鑑識、偵測與威脅獵捕,https://cybersec.ithome.com.tw/2024/session-page/2742,Aspen Yang,敦陽科技,https://ccms.ithome.com.tw/api/slideapi/1415/click?l=https%3A%2F%2Fs.itho.me%2Fccms_slides%2F2024%2F5%2F22%2Ff609c2b2-d3de-44d3-a38a-b5a25dad8614.pdf
516,1630-1700,一個容易被忽略的資安問題，公開情資來源汙染,https://cybersec.ithome.com.tw/2024/session-page/2791,蘇學翔 (Boik Su),奧義智慧科技,https://ccms.ithome.com.tw/api/slideapi/1493/click?l=https%3A%2F%2Fs.itho.me%2Fccms_slides%2F2024%2F5%2F24%2F90b5d11b-daf8-4887-b36b-552a64e3742b.pdf
516,1630-1700,企業如何應對美國證交委員會 SEC 新資安規定,https://cybersec.ithome.com.tw/2024/session-page/2767,李彥民 (Anthony),SHOPLINE 商線科技股份有限公司,https://ccms.ithome.com.tw/api/slideapi/1404/click?l=https%3A%2F%2Fs.itho.me%2Fccms_slides%2F2024%2F5%2F22%2Ffd2f1059-a149-4b4d-837b-26d4314b33e3.pdf
516,1630-1700,攻擊行為大小事，快速解析透過下載腳本執行的攻擊行為,https://cybersec.ithome.com.tw/2024/session-page/2760,Patrick Kuo,TXOne Networks,https://ccms.ithome.com.tw/api/slideapi/1430/click?l=https%3A%2F%2Fs.itho.me%2Fccms_slides%2F2024%2F5%2F23%2Fff18d337-1754-48d7-9804-11f223573907.pdf
516,1630-1700,明修棧道 暗渡陳倉的 DNS,https://cybersec.ithome.com.tw/2024/session-page/2761,Hubert Lin,Netskope,https://ccms.ithome.com.tw/api/slideapi/1426/click?l=https%3A%2F%2Fs.itho.me%2Fccms_slides%2F2024%2F5%2F23%2F00b77489-db93-42bf-b545-e0d0734ec485.pdf
516,1630-1700,後量子密碼標準元年展望,https://cybersec.ithome.com.tw/2024/session-page/2951,陳君明 (Jimmy Chen),匯智安全科技,https://ccms.ithome.com.tw/api/slideapi/1496/click?l=https%3A%2F%2Fs.itho.me%2Fccms_slides%2F2024%2F5%2F27%2Fefbe0ce1-43e4-4b55-a3a0-b388f7a3810b.pdf
